"id"	"name"	"id_country"
"1"	"акюцнебцпюд"	"1"
"2"	"аспцюя"	"1"
"3"	"бюпмю"	"1"
"4"	"бекхйн рзпмнбн"	"1"
"5"	"бхдхм"	"1"
"6"	"бпюжю"	"1"
"7"	"цюапнбн"	"1"
"8"	"днапхв"	"1"
"9"	"йзпдфюкх"	"1"
"10"	"йчяремдхк"	"1"
"11"	"кнбев"	"1"
"12"	"лнмрюмю"	"1"
"13"	"оюгюпдфхй"	"1"
"14"	"оепмхй"	"1"
"15"	"окебем"	"1"
"16"	"окнбдхб"	"1"
"17"	"пюгцпюд"	"1"
"18"	"псяе"	"1"
"19"	"яхкхярпю"	"1"
"20"	"якхбем"	"1"
"21"	"ялнкъм"	"1"
"22"	"янтхъ"	"1"
"23"	"янтхъ-цпюд"	"1"
"24"	"ярюпю гюцнпю"	"1"
"25"	"рзпцнбхые"	"1"
"26"	"уюяйнбн"	"1"
"27"	"ьслем"	"1"
"28"	"ъланк"	"1"
